{"stats":{"minecraft:custom":{"minecraft:jump":66,"minecraft:time_since_rest":1533,"minecraft:damage_dealt":10,"minecraft:deaths":1,"minecraft:damage_taken":350,"minecraft:crouch_one_cm":66,"minecraft:leave_game":4,"minecraft:play_time":41430,"minecraft:sprint_one_cm":9999,"minecraft:time_since_death":2165,"minecraft:walk_one_cm":4377,"minecraft:sneak_time":76,"minecraft:total_world_time":41430,"minecraft:fall_one_cm":4260,"minecraft:fly_one_cm":1279838},"minecraft:used":{"minecraft:oxidized_cut_copper_slab":1,"minecraft:warped_planks":25}},"DataVersion":3120}