{
  "biomesoplenty:biomesoplenty/root": {
    "criteria": {
      "fir_clearing": "2024-07-23 22:11:31 +0000"
    },
    "done": true
  },
  "biomesoplenty:biomesoplenty/all_biomes": {
    "criteria": {
      "shrubland": "2024-07-23 22:18:30 +0000",
      "highland": "2024-07-23 22:13:16 +0000",
      "jade_cliffs": "2024-07-23 22:18:05 +0000",
      "maple_woods": "2024-07-23 22:12:55 +0000",
      "field": "2024-07-23 22:12:40 +0000",
      "lavender_forest": "2024-07-23 22:24:16 +0000",
      "coniferous_forest": "2024-07-23 22:12:36 +0000",
      "forested_field": "2024-07-23 22:13:34 +0000",
      "seasonal_orchard": "2024-07-23 22:11:48 +0000",
      "lavender_field": "2024-07-23 22:24:25 +0000",
      "fir_clearing": "2024-07-23 22:11:31 +0000",
      "grassland": "2024-07-23 22:14:40 +0000",
      "crag": "2024-07-23 22:18:03 +0000"
    },
    "done": false
  },
  "tombstone:adventure/root": {
    "criteria": {
      "auto": "2024-07-23 22:09:24 +0000"
    },
    "done": true
  },
  "minecraft:adventure/adventuring_time": {
    "criteria": {
      "minecraft:taiga": "2024-07-23 22:09:24 +0000",
      "minecraft:beach": "2024-07-23 22:11:24 +0000",
      "minecraft:river": "2024-07-23 22:11:26 +0000",
      "minecraft:stony_shore": "2024-07-23 22:14:53 +0000",
      "minecraft:cold_ocean": "2024-07-23 22:11:27 +0000",
      "minecraft:forest": "2024-07-23 22:10:53 +0000",
      "minecraft:deep_cold_ocean": "2024-07-23 22:16:00 +0000",
      "minecraft:ocean": "2024-07-23 22:14:55 +0000",
      "minecraft:old_growth_spruce_taiga": "2024-07-23 22:13:46 +0000",
      "minecraft:meadow": "2024-07-23 22:35:20 +0000",
      "minecraft:plains": "2024-07-23 22:11:23 +0000"
    },
    "done": false
  },
  "DataVersion": 3120
}