{
  "biomesoplenty:biomesoplenty/root": {
    "criteria": {
      "fir_clearing": "2024-07-23 22:11:31 +0000"
    },
    "done": true
  },
  "minecraft:recipes/decorations/crafting_table": {
    "criteria": {
      "has_planks": "2024-07-23 22:41:00 +0000"
    },
    "done": true
  },
  "minecraft:recipes/decorations/warped_fence": {
    "criteria": {
      "has_planks": "2024-07-23 22:41:00 +0000"
    },
    "done": true
  },
  "minecraft:recipes/redstone/warped_pressure_plate": {
    "criteria": {
      "has_planks": "2024-07-23 22:41:00 +0000"
    },
    "done": true
  },
  "tombstone:adventure/root": {
    "criteria": {
      "auto": "2024-07-23 22:09:24 +0000"
    },
    "done": true
  },
  "minecraft:recipes/building_blocks/warped_stairs": {
    "criteria": {
      "has_planks": "2024-07-23 22:41:00 +0000"
    },
    "done": true
  },
  "minecraft:recipes/building_blocks/waxed_oxidized_cut_copper_slab_from_honeycomb": {
    "criteria": {
      "has_oxidized_cut_copper_slab": "2024-07-23 22:41:56 +0000"
    },
    "done": true
  },
  "minecraft:recipes/decorations/barrel": {
    "criteria": {
      "has_planks": "2024-07-23 22:41:00 +0000"
    },
    "done": true
  },
  "minecraft:recipes/redstone/warped_fence_gate": {
    "criteria": {
      "has_planks": "2024-07-23 22:41:00 +0000"
    },
    "done": true
  },
  "minecraft:recipes/redstone/warped_trapdoor": {
    "criteria": {
      "has_planks": "2024-07-23 22:41:00 +0000"
    },
    "done": true
  },
  "tombstone:adventure/first_grave": {
    "criteria": {
      "coded_trigger": "2024-07-23 22:55:02 +0000"
    },
    "done": true
  },
  "minecraft:recipes/redstone/warped_button": {
    "criteria": {
      "has_planks": "2024-07-23 22:41:00 +0000"
    },
    "done": true
  },
  "tombstone:recipes/from_grave_key": {
    "criteria": {
      "has_ingredient": "2024-07-23 22:55:04 +0000"
    },
    "done": true
  },
  "biomesoplenty:biomesoplenty/all_biomes": {
    "criteria": {
      "shrubland": "2024-07-23 22:18:30 +0000",
      "highland": "2024-07-23 22:13:16 +0000",
      "jade_cliffs": "2024-07-23 22:18:05 +0000",
      "maple_woods": "2024-07-23 22:12:55 +0000",
      "field": "2024-07-23 22:12:40 +0000",
      "lavender_forest": "2024-07-23 22:24:16 +0000",
      "coniferous_forest": "2024-07-23 22:12:36 +0000",
      "forested_field": "2024-07-23 22:13:34 +0000",
      "seasonal_orchard": "2024-07-23 22:11:48 +0000",
      "lavender_field": "2024-07-23 22:24:25 +0000",
      "fir_clearing": "2024-07-23 22:11:31 +0000",
      "grassland": "2024-07-23 22:14:40 +0000",
      "crag": "2024-07-23 22:18:03 +0000"
    },
    "done": false
  },
  "minecraft:recipes/misc/stick": {
    "criteria": {
      "has_planks": "2024-07-23 22:41:00 +0000"
    },
    "done": true
  },
  "minecraft:recipes/decorations/warped_sign": {
    "criteria": {
      "has_planks": "2024-07-23 22:41:00 +0000"
    },
    "done": true
  },
  "minecraft:recipes/redstone/warped_door": {
    "criteria": {
      "has_planks": "2024-07-23 22:41:00 +0000"
    },
    "done": true
  },
  "minecraft:adventure/adventuring_time": {
    "criteria": {
      "minecraft:taiga": "2024-07-23 22:09:24 +0000",
      "minecraft:beach": "2024-07-23 22:11:24 +0000",
      "minecraft:river": "2024-07-23 22:11:26 +0000",
      "minecraft:stony_shore": "2024-07-23 22:14:53 +0000",
      "minecraft:cold_ocean": "2024-07-23 22:11:27 +0000",
      "minecraft:forest": "2024-07-23 22:10:53 +0000",
      "minecraft:deep_cold_ocean": "2024-07-23 22:16:00 +0000",
      "minecraft:ocean": "2024-07-23 22:14:55 +0000",
      "minecraft:old_growth_spruce_taiga": "2024-07-23 22:13:46 +0000",
      "minecraft:meadow": "2024-07-23 22:35:20 +0000",
      "minecraft:plains": "2024-07-23 22:11:23 +0000"
    },
    "done": false
  },
  "minecraft:recipes/building_blocks/warped_slab": {
    "criteria": {
      "has_planks": "2024-07-23 22:41:00 +0000"
    },
    "done": true
  },
  "DataVersion": 3120
}